Country,Song Name,Popularity,Time Signature,Duration MS,Tempo,Valence,Liveness,Instrumentalness,Acousticness,Speechiness,Loudness,Key,Mode,Energy,Danceability
1,Abar Black Album Abar Bangla Band Song Official Art Track.wav,15.0,4.0,220543.0,178.116,0.543,0.164,0.000221,0.0124,0.0818,-5.232,1.0,1.0,0.89,0.323
1,Abar Hashimukh - Shironamhin [Lyrics Video].wav,25.0,3.0,336500.0,155.853,0.302,0.257,2.55e-05,0.165,0.0418,-7.829,2.0,0.0,0.604,0.383
1,Amar Prithibi Black Album Amar Prithibi Official lLyrical Video.wav,25.0,4.0,251844.0,159.316,0.462,0.0998,0.000808,0.00369,0.0333,-12.894,1.0,1.0,0.432,0.453
1,Anmone - Aushomapto - Aurthohin.wav,14.0,4.0,327912.0,164.991,0.425,0.0901,1.53e-05,0.00375,0.0312,-7.327,1.0,1.0,0.667,0.526
1,Anmone 2 - Aushomapto 2 - Aurthohin.wav,38.0,4.0,305862.0,88.734,0.372,0.107,1.16e-06,0.00367,0.0844,-5.781,3.0,1.0,0.897,0.313
1,Arbovirus - Hariye Jao (lyrics) । অর্বোভাইরাস - হারিয়ে যাও (লিরিক্স) । Arvovirus songs.wav,31.0,4.0,351039.0,179.786,0.301,0.159,4.98e-06,0.134,0.0455,-7.231,1.0,1.0,0.756,0.36
1,Arbovirus - Omanush.wav,13.0,4.0,251658.0,92.507,0.285,0.315,0.00658,0.000243,0.0598,-7.111,10.0,1.0,0.902,0.475
1,Arbovirus - School (Official Music Video).wav,27.0,4.0,259297.0,124.058,0.431,0.121,0,0.0171,0.082,-5.23,1.0,1.0,0.767,0.499
1,Arnob-She je boshe ache.wav,37.0,4.0,210051.0,129.971,0.295,0.109,0.000219,0.444,0.0346,-21.307,4.0,1.0,0.252,0.684
1,Aushomapto অসমাপ্ত Aurthohin Aushomapto-1 Original Track @gseriesworldmusic3801.wav,25.0,4.0,299259.0,76.999,0.192,0.161,0,0.00751,0.0344,-8.227,8.0,1.0,0.546,0.516
1,Bhalobasha Baki ভালোবাসা বাকি Popeye Bangladesh.wav,35.0,4.0,311250.0,145.907,0.377,0.289,0,0.711,0.0317,-10.849,6.0,1.0,0.225,0.662
1,Bhoboghurey Cryptic Fate Band Album Shrestho Official lyrical Video.wav,9.0,4.0,373563.0,161.216,0.4,0.207,0.00313,0.131,0.0571,-10.253,0.0,0.0,0.932,0.414
1,BISSHOY (বিস্ময়) - Mechanix Official Music Video.wav,16.0,4.0,312570.0,126.145,0.0724,0.121,0.00206,0.0864,0.0308,-6.731,0.0,0.0,0.427,0.484
1,Black-Miththa.wav,12.0,4.0,235915.0,78.087,0.378,0.213,0,0.0962,0.0536,-13.482,10.0,1.0,0.355,0.289
1,Blue Jeans - Kodom Artwork Video.wav,41.0,4.0,247000.0,105.006,0.445,0.296,0,0.17,0.0338,-5.022,7.0,1.0,0.827,0.535
1,Blues & Rod Black All Time Hit Bangla Band Song Official Lyrical Video.wav,0.0,4.0,302393.0,95.7,0.525,0.135,0.000347,0.000285,0.0481,-7.313,1.0,0.0,0.694,0.512
1,Cafeteria ক্যাফেটেরিয়া Shironamhin Ichche Ghuri Original Track.wav,24.0,4.0,259042.0,90.058,0.316,0.0937,0,0.356,0.0252,-7.443,5.0,1.0,0.517,0.567
1,Chaitei Paro by Aurthohin Lyrics.wav,18.0,4.0,245388.0,159.962,0.719,0.275,6.22e-06,0.000193,0.0584,-5.563,7.0,1.0,0.913,0.49
1,Chena Jogot চেনা জগৎ Vibe Chena Jogot Original Track @gseriesworldmusic3801.wav,18.0,3.0,267912.0,194.622,0.734,0.264,0.000645,3e-05,0.109,-6.642,7.0,0.0,0.925,0.196
1,Chera Shopno(Aurthohin).wav,8.0,4.0,298887.0,74.981,0.277,0.0995,0,0.173,0.0447,-8.973,6.0,0.0,0.465,0.648
1,Chile Kothar Shepai চিলে কোঠার সেপাই Artcell Agontuk 2 Original Track @G Series World Music.wav,20.0,4.0,387250.0,132.13,0.345,0.308,0.0011,0.000674,0.127,-11.06,7.0,0.0,0.922,0.238
1,Dhrubosshor ধ্রুবস্বর Mechanix Rock 202 Original Track @G Series World Music.wav,24.0,4.0,407000.0,146.9,0.432,0.11,1.76e-06,0.0278,0.0422,-11.484,2.0,0.0,0.669,0.247
1,Dhushor Shomoy ধূসর সময় Artcell Oniket Prantor Bangla Band Song @G Series World Music.wav,24.0,4.0,407000.0,146.9,0.432,0.11,1.76e-06,0.0278,0.0422,-11.484,2.0,0.0,0.669,0.247
1,Dukkho Bilash দুঃখ বিলাশ Artcell Anushilon Bangla New Song Official Lyrical Video.wav,32.0,4.0,431306.0,135.834,0.34,0.0761,0.000103,0.0401,0.0334,-11.9,2.0,0.0,0.388,0.303
1,E Hawa Meghdol X Hawa Film Aluminium Er Dana.wav,43.0,3.0,354331.0,126.643,0.188,0.113,0.0128,0.815,0.0342,-14.925,8.0,1.0,0.192,0.271
1,Eka beche thakte shekho priyo (Original song) একা বেঁচে থাকতে শেখো প্রিয় । Aseer Arman । আসির আরমান.wav,32.0,4.0,394000.0,72.522,0.386,0.11,0,0.878,0.0334,-11.187,3.0,1.0,0.224,0.338
1,Encore - Srotoshinni Official Audio.wav,36.0,4.0,263079.0,130.154,0.275,0.279,0,0.0291,0.0341,-6.373,7.0,1.0,0.629,0.487
1,Eto Kosto Keno Valobashay Hasan - Lyrics Play © Ron Razib.wav,9.0,4.0,268710.0,126.211,0.33,0.0673,0,0.518,0.0316,-6.916,1.0,1.0,0.522,0.574
1,Ghum - Odd Signature [Official].wav,42.0,3.0,229721.0,144.963,0.72,0.331,0,0.715,0.0321,-17.316,6.0,1.0,0.251,0.626
1,Indalo - ISD(Remastered).wav,30.0,4.0,239587.0,85.959,0.122,0.108,0.531,0.823,0.0265,-13.172,5.0,1.0,0.341,0.543
1,Jadur Shohor By Chirkutt Album Jadur Shohor Official lyrical Video.wav,17.0,3.0,376488.0,143.983,0.401,0.226,0,0.106,0.0411,-6.516,8.0,1.0,0.65,0.543
1,Jare Ja Ure Ja Pakhi_Hasan (Ark).wav,16.0,3.0,313293.0,142.629,0.469,0.0377,0,0.195,0.0279,-8.86,1.0,0.0,0.453,0.565
1,Jodi Kono Din - Aushomapto - Aurthohin.wav,18.0,4.0,349042.0,139.086,0.42,0.105,1.59e-06,0.832,0.0361,-13.453,1.0,1.0,0.263,0.401
1,Jon Kabir - Moho Vertical Lyric Video.wav,33.0,4.0,180551.0,92.014,0.151,0.0605,0.0174,0.0811,0.0267,-8.003,9.0,1.0,0.607,0.512
1,Maa James LYRICS.wav,22.0,4.0,287560.0,132.031,0.294,0.413,0,0.212,0.0263,-4.373,2.0,1.0,0.689,0.621
1,Manush Pakhir Gaan Black Album Abar Official Lyrical Video.wav,17.0,4.0,246271.0,113.984,0.291,0.0642,3.75e-05,0.0303,0.0295,-5.993,8.0,1.0,0.642,0.58
1,Meghdol Esho Amar Shohore Aluminium Er Dana Official Video.wav,31.0,4.0,318500.0,127.885,0.125,0.0967,0.0746,0.78,0.0357,-16.622,8.0,0.0,0.148,0.652
1,Meghdol Roder Fota Shohorbondi (2009) Remastered.wav,8.0,3.0,263268.0,139.952,0.262,0.117,4.62e-06,0.552,0.0279,-9.437,11.0,1.0,0.26,0.48
1,More jabo re more jabo Chirkut Sumi Lyrics Band Song Lyrics.wav,10.0,4.0,378485.0,125.952,0.455,0.141,4.69e-06,0.401,0.0315,-8.75,11.0,1.0,0.548,0.666
1,Neela(নীলা) By Miles Lyrical Video Song.wav,30.0,4.0,297773.0,121.716,0.621,0.875,0,0.109,0.0764,-9.643,9.0,0.0,0.823,0.49
1,Nemesis - Gonojowar Official Audio.wav,27.0,3.0,345964.0,100.169,0.375,0.0699,0.172,0.00492,0.0649,-5.463,1.0,1.0,0.878,0.289
1,Nemesis - Kobe Official Music Video.wav,33.0,3.0,253888.0,138.054,0.608,0.058,5.3e-05,0.013,0.0435,-4.83,10.0,1.0,0.749,0.514
1,Nemesis - Nirbashon Official Audio.wav,22.0,4.0,396288.0,152.136,0.694,0.0519,0,0.0322,0.0377,-4.99,8.0,1.0,0.792,0.554
1,Nirban - Meghdol (Lyric Video).wav,21.0,3.0,220600.0,126.19,0.356,0.175,3.77e-05,0.666,0.0323,-11.799,4.0,1.0,0.297,0.618
1,Niyoti (নিয়তি) - Mechanix Official Music Video.wav,10.0,4.0,547523.0,113.37,0.189,0.0927,0.0086,0.00326,0.0358,-15.462,8.0,0.0,0.412,0.346
1,Obocheton By Nemesis Album Agontuk 2 Official lyrical Video.wav,15.0,4.0,299677.0,107.951,0.363,0.0674,0.138,7.44e-06,0.0288,-7.334,7.0,1.0,0.752,0.472
1,Obosh Onuvutir Deyal অবশ অনুভুতির দেয়াল Artcell Onno Shomoy Original Track.wav,19.0,4.0,408346.0,89.804,0.369,0.158,0,0.0513,0.0304,-6.26,6.0,1.0,0.682,0.483
1,Oniket Prantor অনিকেত প্রান্তর Artcell Bangla New Band Song Official Lyrical Video.wav,30.0,4.0,980976.0,137.917,0.495,0.0994,0.00381,0.0409,0.0943,-5.884,10.0,1.0,0.917,0.5
1,Opekkha ViKiNGS featuring RUN OUT Studio Version Laser Vision.wav,29.0,4.0,349936.0,175.887,0.447,0.115,0.00012,0.000371,0.0357,-9.139,1.0,0.0,0.701,0.455
1,Oporajeyo by Mechanix (Official Lyric Video).wav,6.0,4.0,356357.0,145.956,0.287,0.115,0.00761,4.07e-05,0.0664,-5.845,8.0,1.0,0.929,0.331
1,Popeye (Bangladesh) - Bishonno Shundor (বিষণ্ণ সুন্দর) Official Lyrics Video.wav,35.0,3.0,354504.0,114.94,0.196,0.107,0,0.387,0.0265,-7.501,11.0,1.0,0.424,0.623
1,Poth Chola পথ চলা Artcell Band Album Onnosomoy Bangla New Song Official Lyrical Video.wav,25.0,4.0,421953.0,159.646,0.626,0.114,4.89e-06,0.534,0.0461,-5.827,6.0,1.0,0.734,0.438
1,Protibad Cryptic Fate Band Album Shrestho Official lyrical Video.wav,10.0,4.0,292200.0,134.384,0.304,0.152,2.03e-06,0.0961,0.0288,-16.001,11.0,1.0,0.283,0.397
1,Sei tumi keno eto ochena hole Ayub Bachchu LRB সেই তুমি কেন এতো অচেনা হলে.wav,34.0,4.0,377255.0,144.999,0.563,0.118,0,0.736,0.0375,-6.224,11.0,1.0,0.74,0.386
1,Sesh Gaan শেষ গান Sumon Aurthohin Aushomapto-1 Original Track G Series World Music.wav,10.0,3.0,253098.0,157.486,0.447,0.582,5.73e-05,0.413,0.0594,-9.446,0.0,0.0,0.494,0.595
1,Shey Amare - Ashes ( official Audio ).wav,33.0,4.0,362255.0,137.966,0.247,0.291,7.2e-05,0.876,0.0281,-8.747,11.0,1.0,0.402,0.651
1,Shironamhin Ei Obelay Official Music Video.wav,43.0,3.0,382572.0,147.921,0.265,0.186,0.00375,0.59,0.0365,-9.099,2.0,0.0,0.489,0.497
1,Shironamhin - Hashimukh [Official Audio].wav,32.0,3.0,253936.0,145.996,0.61,0.125,0,0.681,0.0329,-6.812,2.0,0.0,0.719,0.473
1,Shironamhin - JADUKOR Official Music Video.wav,20.0,3.0,284407.0,129.912,0.163,0.114,0.000132,0.1,0.0268,-5.474,9.0,0.0,0.566,0.51
1,Shoto Asha - SHUNNO.wav,25.0,4.0,220019.0,96.046,0.382,0.296,4.26e-05,0.147,0.0392,-5.333,1.0,0.0,0.849,0.503
1,SHUNNO - BEDONA.wav,37.0,4.0,249747.0,119.921,0.816,0.0653,5.48e-06,0.0441,0.0379,-5.982,11.0,1.0,0.73,0.635
1,Shunno - Rajahin Rajjo [Official Music Video HD].wav,34.0,4.0,210315.0,145.076,0.481,0.37,1.8e-06,0.271,0.0434,-4.276,2.0,1.0,0.809,0.504
1,Sraboner meghgulo jaro holo akashe শ্রাবনের মেঘগুলো জড়ো হলো আকাশে Different touch.wav,16.0,4.0,247034.0,153.737,0.801,0.646,0.000316,0.745,0.0457,-2.299,10.0,0.0,0.893,0.445
1,Sritir Chera Pata - Shunno.wav,34.0,4.0,241295.0,133.95,0.334,0.171,0,0.764,0.0315,-7.93,4.0,1.0,0.374,0.678
1,Taray Taray - James । Shundori Toma Amar - James । With lyrics.wav,29.0,4.0,333230.0,77.994,0.63,0.13,5.27e-05,0.0507,0.0727,-7.989,1.0,1.0,0.749,0.48
1,Tor Premete Ondho Holam (তোর প্রেমেতে অন্ধ হলাম) Lyrics - James James song all Shotta Movie Song.wav,25.0,4.0,312308.0,138.058,0.399,0.0859,0,0.5,0.0356,-7.848,6.0,1.0,0.571,0.67
1,Vibe - Odhora (with lyrics).wav,22.0,3.0,283376.0,127.88,0.565,0.175,2.28e-05,0.0014,0.0321,-8.588,2.0,1.0,0.627,0.712
1,Vibe - Shopnodev Lyrics.wav,18.0,4.0,217496.0,89.918,0.624,0.251,0.0446,8.42e-05,0.096,-6.662,7.0,0.0,0.932,0.443
1,Warfaze - Purnota.wav,44.0,4.0,359631.0,119.958,0.396,0.197,0,0.574,0.0326,-7.441,3.0,1.0,0.702,0.576
1,Warfaze-Boshe Achi.wav,32.0,4.0,399962.0,136.924,0.518,0.333,0.000613,0.000507,0.0507,-6.314,7.0,1.0,0.88,0.431
1,Warfaze-Jotodurey.wav,24.0,4.0,359132.0,134.945,0.346,0.319,0.000697,0.00491,0.0347,-6.953,7.0,1.0,0.726,0.364
1,Warfaze-Mone Pore.wav,9.0,4.0,356284.0,166.753,0.638,0.206,0.000717,0.0965,0.107,-4.926,0.0,1.0,0.919,0.352
1,Warfaze-Obak Bhalobasha.wav,33.0,3.0,441784.0,124.968,0.518,0.094,0.000152,0.132,0.0267,-8.176,0.0,0.0,0.499,0.662
1,Warfaze-Rupkotha.wav,36.0,4.0,397572.0,180.012,0.322,0.246,6.93e-05,0.0391,0.029,-8.072,0.0,0.0,0.589,0.47
1,Warfaze-Tomake.wav,26.0,4.0,330163.0,100.155,0.131,0.104,9.2e-05,0.0597,0.0248,-5.469,3.0,1.0,0.497,0.525
1,আমার দেহখান Amar Dehokhan Odd Signature Lyrics Video.wav,42.0,4.0,430106.0,130.035,0.175,0.226,7.95e-05,0.378,0.0283,-8.665,10.0,1.0,0.509,0.563
1,কবিতা তুমি স্বপ্নচারিনী হয়ে Kobita James Lyrics.wav,26.0,4.0,403424.0,141.751,0.506,0.232,0,0.0118,0.0384,-5.589,9.0,0.0,0.746,0.422
1,গুরু ঘর বানাইলা কি দিয়া GURU GHOR BANAILA KI DIYA JAMES.wav,0.0,4.0,280778.0,115.938,0.619,0.0646,0,0.0208,0.0443,-8.142,10.0,1.0,0.632,0.824
1,ফিরিয়ে দাও Firiye Dao - Miles Bangla Lyrics by Tahsin Rt 2022.wav,37.0,4.0,293227.0,127.301,0.825,0.0389,5.74e-06,0.0809,0.0493,-8.534,5.0,0.0,0.884,0.672
1,বাবা কতদিন দেখিনা তোমায় Baba Katodin Dekhina Tomay James Bangla Song.wav,24.0,4.0,305667.0,142.024,0.284,0.318,0,0.698,0.032,-6.77,3.0,1.0,0.546,0.623
1,মেয়ে তুমি কি দুঃখ চেনো Ayub Bacchu Official Spectrum Lyrical Video .wav,24.0,4.0,353675.0,94.007,0.696,0.338,0.000167,0.088,0.0267,-4.742,9.0,0.0,0.785,0.705
1,হাসতে দেখো Hashte Dekho Ayub Bacchu Official Spectrum Video.wav,25.0,4.0,359799.0,98.376,0.857,0.145,0.0028,0.137,0.0253,-7.692,8.0,0.0,0.678,0.611
0,Amar Bhindeshi Tara - Chondrobindu (Lyrics).wav,38.0,4.0,309870.0,99.71,0.453,0.1,0.0383,0.884,0.0437,-17.548,4.0,1.0,0.178,0.457
0,Amar Priya Cafe by Moheener Ghoraguli.wav,24.0,4.0,357016.0,92.221,0.41,0.0678,0,0.656,0.0376,-7.46,9.0,1.0,0.424,0.722
0,Ami ek garib premik neela আমি এক গরীব প্রেমিক নীলা Argha dev Lyrical Video.wav,17.0,4.0,252000.0,126.471,0.588,0.12,5.46e-06,0.972,0.0438,-17.387,4.0,1.0,0.0924,0.532
0,Amra Bhison EkaCactus আমরা ভীষণ একা ক্যাকটাস LYRICS.wav,0.0,4.0,282880.0,171.468,0.442,0.16,0,0.338,0.0454,-10.202,1.0,0.0,0.61,0.458
0,Aro Ekber Fossils Audio Song Rupam Islam.wav,24.0,4.0,400510.0,136.951,0.148,0.0777,0.000331,0.0787,0.0341,-11.155,8.0,1.0,0.506,0.382
0,Bhalo Lage - Moheener Ghoraguli II ভালোবাসি জ্যোৎস্নায় কাশবনে ছুটতে (Lyrics).wav,21.0,4.0,399766.0,143.96,0.495,0.0921,0,0.45,0.0332,-6.886,9.0,1.0,0.561,0.521
0,Bhalo Theko - Recreated ভালো থেকো Cactuss New Band Song.wav,2.0,4.0,357324.0,127.97,0.332,0.132,0.000132,0.0211,0.0335,-8.258,1.0,1.0,0.721,0.569
0,Bishakto Chumbon OFFICIAL MUSIC VIDEO EESHAAN ALBUM SANKRAMAN.wav,5.0,4.0,279119.0,97.996,0.792,0.0477,0.000498,0.0516,0.0348,-8.404,11.0,1.0,0.871,0.63
0,Bondhu Tomay - Chandrabindu.wav,31.0,4.0,453644.0,114.957,0.626,0.48,0,0.574,0.0249,-7.052,7.0,1.0,0.58,0.784
0,Brishti Uh Ma with lyrics Cactus Bengali Band Songs Cactus.wav,1.0,4.0,601907.0,172.824,0.065,0.265,0.000349,0.683,0.0308,-13.763,4.0,1.0,0.269,0.262
0,Chandrabindu Mon Lyrics.wav,33.0,4.0,390147.0,79.987,0.341,0.213,0,0.367,0.0249,-7.138,9.0,1.0,0.51,0.648
0,Chandrabindu - Juju.wav,24.0,4.0,174613.0,97.52,0.894,0.28,0.000154,0.291,0.0402,-5.226,9.0,1.0,0.813,0.849
0,Classroom by prithibi band lyrics(ক্লাসরুম -পৃথিবী).wav,31.0,4.0,353359.0,140.029,0.416,0.104,0,0.016,0.0264,-5.572,6.0,1.0,0.664,0.498
0,Coffee Houser Sei Addata Aaj Aar Nei Manna Dey Suparnakanti Ghosh Bangla Gaan bengali songs.wav,27.0,4.0,386853.0,122.852,0.701,0.121,0.00347,0.904,0.0315,-13.106,4.0,1.0,0.416,0.62
0,Darjeeling by Anjan Dutta 1994.wav,13.0,4.0,278933.0,89.944,0.78,0.121,2.17e-06,0.593,0.0293,-15.291,2.0,1.0,0.372,0.713
0,E bhabeo Phire Asha Jaye Chandrabindoo Audio Song.wav,32.0,4.0,271152.0,100.002,0.962,0.0317,0,0.278,0.0443,-7.021,10.0,1.0,0.84,0.757
0,Eeshaan - Bangladesh.wav,9.0,4.0,259240.0,129.985,0.592,0.161,0,0.0441,0.0266,-8.126,4.0,1.0,0.643,0.612
0,Ek Notun Aazadi.wav,21.0,4.0,351770.0,112.988,0.487,0.103,0.000179,0.04,0.0511,-7.488,9.0,0.0,0.778,0.698
0,Ekla Ghor Fossils Audio Song Rupam Islam.wav,43.0,4.0,387319.0,138.038,0.283,0.327,3.06e-05,0.238,0.0307,-10.85,9.0,0.0,0.527,0.666
0,Fossils - ACID!! Lyrics.wav,30.0,4.0,328204.0,134.071,0.332,0.142,4.78e-06,0.00935,0.0838,-4.33,8.0,1.0,0.895,0.709
0,Fossils - Bishakto Manush.wav,17.0,5.0,316266.0,86.605,0.15,0.112,0,0.592,0.0376,-6.455,4.0,0.0,0.487,0.338
0,Fossils - Nemesis Lyrics.wav,33.0,4.0,358715.0,113.008,0.405,0.1,4.84e-05,0.0545,0.0399,-10.279,5.0,0.0,0.64,0.62
0,Ganga by Moheener Ghoraguli.wav,6.0,4.0,260651.0,149.57,0.357,0.0452,0,0.874,0.0293,-12.755,2.0,1.0,0.22,0.385
0,Ghore Ferar Gaan by Moheener Ghoraguli.wav,26.0,3.0,357356.0,120.443,0.511,0.0992,2.05e-05,0.55,0.0337,-14.628,0.0,0.0,0.274,0.453
0,GHUM EESHAAN Album GIRGITI.wav,3.0,4.0,270865.0,98.106,0.28,0.109,9.56e-06,0.307,0.0255,-10.516,4.0,1.0,0.324,0.617
0,GIRGITI EESHAAN Album GIRGITI.wav,6.0,4.0,335805.0,188.075,0.821,0.0592,1.53e-05,0.0984,0.0598,-8.282,8.0,0.0,0.618,0.543
0,Haajar Bichhana.wav,32.0,4.0,414629.0,136.014,0.306,0.146,0,0.00721,0.0466,-6.101,9.0,1.0,0.886,0.535
0,Hansnuhana Fossils Rupam Islam Audio Song.wav,44.0,4.0,294323.0,133.127,0.307,0.105,2.18e-05,0.27,0.0548,-12.304,4.0,1.0,0.427,0.528
0,Jeremir Behala জেরেমির বেহালা Anjan Dutta Slideshow video Kolkata nostalgia.wav,9.0,3.0,368718.0,142.367,0.255,0.335,1.96e-05,0.737,0.0316,-11.242,2.0,0.0,0.451,0.409
0,Jibon Chaiche Aro Besi - Lakkhichhara (Lyrics).wav,24.0,4.0,310048.0,133.692,0.82,0.313,0.00881,0.0314,0.0283,-11.32,11.0,0.0,0.536,0.555
0,Jokhon Dhoa Meghe -Maya (Moheener Ghoraguli Edited album).wav,11.0,4.0,230009.0,93.747,0.225,0.128,0,0.853,0.0319,-12.834,2.0,1.0,0.163,0.37
0,KALANKANI RADHA POTA.wav,12.0,3.0,446893.0,134.476,0.203,0.112,0.000609,0.894,0.0316,-14.395,2.0,1.0,0.244,0.453
0,Kemon Achho Shohor Lakkhichhara.wav,21.0,4.0,436168.0,131.976,0.131,0.0874,0.00296,0.419,0.0291,-8.775,7.0,1.0,0.501,0.565
0,Khnoro Aamar Fossil.wav,44.0,4.0,332403.0,140.616,0.428,0.151,0,0.195,0.0434,-6.787,8.0,0.0,0.77,0.403
0,Lajja Prithibi Singles.wav,20.0,3.0,353379.0,144.964,0.487,0.381,0.000558,0.0204,0.0461,-7.442,3.0,0.0,0.887,0.463
0,Lakkhichhara - Satsho Sokal [FNO S03E05].wav,13.0,3.0,256654.0,149.736,0.104,0.0928,0.0164,0.631,0.0388,-9.78,4.0,1.0,0.384,0.443
0,Maa by Fossils 3.wav,23.0,3.0,308168.0,138.527,0.0555,0.297,5.26e-05,0.588,0.0291,-9.356,4.0,0.0,0.344,0.268
0,Mary Ann with lyrics মেরী আন Anjan Dutta.wav,15.0,4.0,233920.0,167.963,0.703,0.0456,0,0.233,0.0551,-10.47,9.0,1.0,0.617,0.552
0,Mohakaash.wav,25.0,4.0,524848.0,80.098,0.26,0.655,4.9e-05,0.125,0.0323,-8.768,1.0,1.0,0.564,0.43
0,Mohiner Ghoraguli (TAKE JATO TARAI DURE).wav,22.0,4.0,276977.0,110.079,0.778,0.215,0.000156,0.753,0.0276,-14.83,1.0,0.0,0.322,0.773
0,Mon - Cactus - Bangla Band Song.wav,28.0,4.0,234084.0,192.001,0.365,0.326,0.0142,0.0764,0.155,-4.49,4.0,1.0,0.948,0.356
0,Mummy by Fossils 3.wav,11.0,4.0,190826.0,130.026,0.676,0.385,2.03e-05,0.00221,0.0732,-7.191,9.0,1.0,0.523,0.642
0,Pakhider Sure Gaan By Moheener Ghoraguli.wav,20.0,4.0,296151.0,131.707,0.348,0.127,1.27e-06,0.21,0.0284,-14.611,2.0,0.0,0.259,0.47
0,Prithibita Naki Choto Hote Hote - Moheener Ghoraguli (Lyrics).wav,41.0,3.0,364383.0,153.08,0.287,0.0552,3.46e-06,0.387,0.0328,-14.387,0.0,1.0,0.383,0.379
0,Ranjana ami aar asbo na by Anjan Dutta 1994.wav,22.0,4.0,257547.0,102.821,0.633,0.124,0,0.000392,0.0489,-5.073,2.0,0.0,0.956,0.554
0,Se ki firbe na ( Holud Pakhi) - Cactus - Bangla Band Song.wav,16.0,4.0,357587.0,89.982,0.239,0.292,0,0.624,0.0257,-11.688,2.0,1.0,0.259,0.544
0,Shudhu Tumi Ele Na with lyrics শুধু তুমি এলে না Cactus.wav,15.0,4.0,246813.0,97.061,0.164,0.371,0,0.321,0.0268,-13.015,9.0,0.0,0.362,0.517
0,Sono Sudhijon by Moheener Ghoraguli.wav,8.0,4.0,265457.0,81.312,0.881,0.222,0,0.663,0.0507,-9.729,5.0,1.0,0.548,0.337
0,Stobdho Jibon.wav,9.0,4.0,342845.0,97.964,0.357,0.218,0.00144,0.0189,0.031,-7.769,5.0,1.0,0.786,0.513
0,Sundori by Eeshaan.wav,8.0,4.0,226117.0,105.021,0.594,0.0539,0,0.293,0.0321,-9.181,3.0,1.0,0.622,0.61
0,Tomay Dilam by Moheener Ghoraguli.wav,32.0,4.0,236617.0,93.197,0.143,0.102,0,0.915,0.0288,-10.092,9.0,0.0,0.345,0.55
0,Tumi Na Thakle with lyrics Anjan Dutta & Usha Uthup The Bong Connection HD Song.wav,14.0,4.0,265360.0,125.965,0.621,0.0562,0,0.289,0.0528,-4.925,11.0,0.0,0.787,0.751
0,একটা ছেলে। Akta chele by sahana-(lyrics).wav,33.0,4.0,217013.0,139.905,0.188,0.0807,1.05e-05,0.797,0.0401,-9.409,7.0,1.0,0.439,0.636
0,ধাঁধার থেকেও জটিল তুমি - মহীনের ঘোড়াগুলি (লিরিক্স) Dhandar thekeo jotil tumi- Lyrics.wav,28.0,4.0,223087.0,137.601,0.681,0.0849,0,0.807,0.0355,-12.979,5.0,1.0,0.338,0.643
